"state_id","state_code"
1,"GA"
2,"CA"
3,"CA"
4,"TX"
5,"IL"
6,"CA"
7,"TX"
8,"PA"
9,"FL"
10,"MI"
11,"TX"
12,"CA"
13,"CA"
14,"CA"
15,"IL"
16,"RI"
17,"TX"
18,"NY"
19,"FL"
20,"MD"
21,"WI"
22,"FL"
23,"MI"
24,"MD"
25,"NV"
26,"PA"
27,"GA"
28,"MI"
29,"MI"
30,"UT"
31,"GA"
32,"WA"
33,"FL"
34,"FL"
35,"GA"
36,"CA"
37,"NH"
38,"TX"
39,"PA"
40,"CA"
41,"HI"
42,"WA"
43,"FL"
44,"MA"
45,"NV"
46,"OK"
47,"NJ"
48,"OH"
49,"IL"
50,"CA"
51,"TX"
52,"AZ"
53,"FL"
54,"CA"
55,"NY"
56,"WI"
57,"CT"
58,"TX"
59,"NJ"
60,"MN"
61,"WA"
62,"CA"
63,"MA"
64,"CO"
65,"WA"
66,"TN"
67,"VA"
68,"VA"
69,"CT"
70,"GA"
71,"TX"
72,"TX"
73,"WI"
74,"OH"
75,"MO"
76,"RI"
77,"MD"
78,"MO"
79,"CA"
80,"RI"
81,"DE"
82,"NY"
83,"PA"
84,"NM"
85,"TX"
86,"NY"
87,"NV"
88,"MN"
89,"TX"
90,"LA"
91,"NJ"
92,"FL"
93,"AR"
94,"AR"
95,"OH"
96,"KY"
97,"NC"
98,"OH"
99,"CA"
100,"CT"
101,"GA"
102,"VA"
103,"GA"
104,"IL"
105,"CA"
106,"TX"
107,"CO"
108,"TX"
109,"NY"
110,"CA"
111,"AZ"
112,"OH"
113,"PA"
114,"MD"
115,"TX"
116,"FL"
117,"NY"
118,"VA"
119,"CA"
120,"FL"
121,"CA"
122,"VA"
123,"GA"
124,"WA"
125,"GA"
126,"AZ"
127,"GA"
128,"PA"
129,"NY"
130,"NV"
131,"GA"
132,"CA"
133,"NY"
134,"FL"
135,"CA"
136,"CA"
137,"SC"
138,"CT"
139,"OH"
140,"VA"
141,"CA"
142,"CA"
143,"DE"
144,"MO"
145,"FL"
146,"CT"
147,"TX"
148,"MA"
149,"IL"
150,"FL"
151,"TX"
152,"FL"
153,"VA"
154,"VA"
155,"OH"
156,"MO"
157,"NY"
158,"PA"
159,"MO"
160,"WV"
161,"IL"
162,"IL"
163,"KY"
164,"AZ"
165,"MI"
166,"NJ"
167,"NJ"
168,"LA"
169,"MI"
170,"NY"
171,"TX"
172,"MD"
173,"NY"
174,"WI"
175,"CO"
176,"WA"
177,"LA"
178,"NM"
179,"IL"
180,"MD"
181,"NY"
182,"NY"
183,"MO"
184,"UT"
185,"GA"
186,"PA"
187,"GA"
188,"MD"
189,"NY"
190,"KY"
191,"OK"
192,"TX"
193,"PA"
194,"NY"
195,"OH"
196,"AR"
197,"KS"
198,"MO"
199,"TX"
200,"AZ"
201,"PA"
202,"CO"
203,"TX"
204,"CA"
205,"NV"
206,"MA"
207,"TX"
208,"VA"
209,"CA"
210,"IL"
211,"IL"
212,"WV"
213,"IL"
214,"CA"
215,"TX"
216,"CA"
217,"MO"
218,"NJ"
219,"PA"
220,"WY"
221,"WA"
222,"TX"
223,"VA"
224,"NM"
225,"FL"
226,"WV"
227,"AZ"
228,"PA"
229,"LA"
230,"SC"
231,"OR"
232,"KY"
233,"MD"
234,"OH"
235,"WV"
236,"GA"
237,"MA"
238,"AL"
239,"NC"
240,"NM"
241,"VA"
242,"MD"
243,"OH"
244,"NM"
245,"NJ"
246,"TX"
247,"TX"
248,"NY"
249,"CA"
250,"TX"
251,"TX"
252,"VA"
253,"NJ"
254,"AZ"
255,"MI"
256,"CA"
257,"PA"
258,"MA"
259,"CA"
260,"FL"
261,"AZ"
262,"PA"
263,"CA"
264,"FL"
265,"PA"
266,"WI"
267,"NC"
268,"GA"
269,"PA"
270,"VA"
271,"GA"
272,"NY"
273,"WA"
274,"CA"
275,"AZ"
276,"MN"
277,"NY"
278,"MI"
279,"CO"
280,"NY"
281,"OH"
282,"VA"
283,"CT"
284,"CA"
285,"TX"
286,"FL"
287,"OK"
288,"MA"
289,"NC"
290,"KY"
291,"NJ"
292,"VT"
293,"TX"
294,"AL"
295,"CO"
296,"TX"
297,"CO"
298,"DE"
299,"CA"
300,"NY"
301,"NY"
302,"PA"
303,"CT"
304,"WY"
305,"TX"
306,"CA"
307,"NY"
308,"FL"
309,"PA"
310,"MI"
311,"FL"
312,"PA"
313,"CA"
314,"FL"
315,"MO"
316,"NY"
317,"CO"
318,"NY"
319,"NY"
320,"AL"
321,"NJ"
322,"MS"
323,"MA"
324,"TX"
325,"NJ"
326,"CA"
327,"CA"
328,"WA"
329,"VA"
330,"TX"
331,"WA"
332,"PA"
333,"NY"
334,"NJ"
335,"GA"
336,"FL"
337,"FL"
338,"WA"
339,"IL"
340,"CO"
341,"MO"
342,"CA"
343,"VA"
344,"NY"
345,"PA"
346,"NY"
347,"MD"
348,"CT"
349,"CA"
350,"GA"
351,"FL"
352,"CA"
353,"DC"
354,"TX"
355,"GA"
356,"FL"
357,"FL"
358,"CA"
359,"NJ"
360,"AZ"
361,"NY"
362,"VA"
363,"NV"
364,"FL"
365,"VA"
366,"NH"
367,"NY"
368,"PA"
369,"NJ"
370,"CA"
371,"CA"
372,"NY"
373,"CA"
374,"MD"
375,"PA"
376,"LA"
377,"CA"
378,"CA"
379,"OH"
380,"VA"
381,"PA"
382,"MI"
383,"CA"
384,"VA"
385,"MN"
386,"AR"
387,"CA"
388,"CA"
389,"OR"
390,"CA"
391,"OR"
392,"FL"
393,"VA"
394,"TX"
395,"TX"
396,"NY"
397,"TX"
398,"FL"
399,"CA"
400,"CA"
401,"CA"
402,"FL"
403,"TX"
404,"MA"
405,"OH"
406,"NY"
407,"CA"
408,"HI"
409,"IL"
410,"AL"
411,"CA"
412,"MD"
413,"NY"
414,"PA"
415,"CA"
416,"NC"
417,"CO"
418,"VA"
419,"IL"
420,"CA"
421,"PA"
422,"MA"
423,"NJ"
424,"CT"
425,"CA"
426,"CA"
427,"OR"
428,"MA"
429,"CT"
430,"FL"
431,"CA"
432,"NJ"
433,"CA"
434,"VA"
435,"CA"
436,"UT"
437,"NJ"
438,"FL"
439,"CA"
440,"CA"
441,"GA"
442,"NY"
443,"FL"
444,"IL"
445,"CA"
446,"MA"
447,"OH"
448,"GA"
449,"MD"
450,"NV"
451,"DE"
452,"FL"
453,"TX"
454,"IL"
455,"WA"
456,"FL"
457,"AZ"
458,"MI"
459,"TX"
460,"UT"
461,"VA"
462,"CA"
463,"NY"
464,"HI"
465,"VA"
466,"GA"
467,"TX"
468,"CA"
469,"CA"
470,"NC"
471,"MD"
472,"MA"
473,"VA"
474,"MA"
475,"PA"
476,"NY"
477,"UT"
478,"SC"
479,"CT"
480,"VA"
481,"MI"
482,"PA"
483,"VA"
484,"NY"
485,"NY"
486,"CA"
487,"GA"
488,"UT"
489,"CA"
490,"IL"
491,"CA"
492,"CA"
493,"PA"
494,"NY"
495,"CA"
496,"CO"
497,"TX"
498,"TX"
499,"WV"
500,"NJ"
501,"MD"
502,"TX"
503,"IL"
504,"MN"
505,"WI"
506,"VA"
507,"CO"
508,"OK"
509,"CA"
510,"AZ"
511,"FL"
512,"MD"
513,"WA"
514,"CA"
515,"TX"
516,"NY"
517,"CT"
518,"TX"
519,"HI"
520,"MN"
521,"NY"
522,"OH"
523,"CA"
524,"LA"
525,"IL"
526,"PA"
527,"FL"
528,"VA"
529,"CA"
530,"GA"
531,"OR"
532,"SC"
533,"WA"
534,"NC"
535,"NY"
536,"NY"
537,"GA"
538,"MO"
539,"TX"
540,"NY"
541,"TX"
542,"GA"
543,"NV"
544,"FL"
545,"MI"
546,"MT"
547,"OH"
548,"NY"
549,"NM"
550,"TX"
551,"FL"
552,"MD"
553,"CA"
554,"PA"
555,"FL"
556,"CA"
557,"MA"
558,"KY"
559,"VA"
560,"IL"
561,"CA"
562,"MD"
563,"AR"
564,"VA"
565,"TX"
566,"TX"
567,"FL"
568,"IL"
569,"CA"
570,"NM"
571,"NY"
572,"MO"
573,"PA"
574,"NJ"
575,"NC"
576,"NY"
577,"PA"
578,"FL"
579,"CT"
580,"TX"
581,"CO"
582,"TX"
583,"GA"
584,"VA"
585,"CA"
586,"NJ"
587,"IL"
588,"NC"
589,"TX"
590,"AZ"
591,"WA"
592,"CA"
593,"GA"
594,"GA"
595,"OH"
596,"AR"
597,"KY"
598,"LA"
599,"TX"
600,"PA"
601,"AR"
602,"NC"
603,"AZ"
604,"OH"
605,"MD"
606,"IL"
607,"IL"
608,"CA"
609,"CT"
610,"MO"
611,"IL"
612,"NY"
613,"OK"
614,"NJ"
615,"MO"
616,"TX"
617,"IL"
618,"AZ"
619,"MA"
620,"MO"
621,"MO"
622,"SC"
623,"GA"
624,"MO"
625,"CO"
626,"CA"
627,"PA"
628,"CA"
629,"NJ"
630,"FL"
631,"WI"
632,"WI"
633,"CA"
634,"SC"
635,"IL"
636,"LA"
637,"FL"
638,"MI"
639,"MI"
640,"VA"
641,"NC"
642,"NC"
643,"MA"
644,"MI"
645,"MO"
646,"IL"
647,"CA"
648,"NV"
649,"AZ"
650,"OH"
651,"KS"
652,"CA"
653,"VA"
654,"MD"
655,"WI"
656,"CA"
657,"IL"
658,"TX"
659,"AR"
660,"TX"
661,"IL"
662,"NC"
663,"AR"
664,"CA"
665,"CA"
666,"GA"
667,"MI"
668,"PA"
669,"CA"
670,"MN"
671,"MI"
672,"KS"
673,"NJ"
674,"NV"
675,"NY"
676,"IL"
677,"PA"
678,"NY"
679,"CT"
680,"NY"
681,"FL"
682,"TX"
683,"GA"
684,"NJ"
685,"PA"
686,"GA"
687,"CA"
688,"TX"
689,"CO"
690,"CA"
691,"MN"
692,"CA"
693,"MD"
694,"NJ"
695,"NC"
696,"WA"
697,"MD"
698,"GA"
699,"SC"
700,"UT"
701,"FL"
702,"MD"
703,"CA"
704,"CA"
705,"TX"
706,"GA"
707,"CA"
708,"CO"
709,"MD"
710,"FL"
711,"CO"
712,"VA"
713,"CA"
714,"MN"
715,"MA"
716,"CA"
717,"VA"
718,"MI"
719,"TX"
720,"OH"
721,"NY"
722,"AL"
723,"MA"
724,"TX"
725,"AZ"
726,"TX"
727,"IL"
728,"SD"
729,"NJ"
730,"CA"
731,"MI"
732,"CO"
733,"CA"
734,"CA"
735,"MT"
736,"NJ"
737,"NY"
738,"WA"
739,"NV"
740,"VA"
741,"KS"
742,"FL"
743,"CA"
744,"NJ"
745,"NY"
746,"TX"
747,"FL"
748,"CA"
749,"VA"
750,"NY"
751,"CA"
752,"AZ"
753,"FL"
754,"CA"
755,"CA"
756,"NY"
757,"CA"
758,"MN"
759,"PA"
760,"TX"
761,"CO"
762,"NV"
763,"IL"
764,"NV"
765,"IL"
766,"TX"
767,"WI"
768,"CA"
769,"CA"
770,"FL"
771,"CA"
772,"NY"
773,"NJ"
774,"CA"
775,"MA"
776,"TX"
777,"DC"
778,"MI"
779,"NY"
780,"NY"
781,"VA"
782,"CA"
783,"IL"
784,"IL"
785,"CA"
786,"MN"
787,"CA"
788,"AZ"
789,"LA"
790,"VA"
791,"NM"
792,"AZ"
793,"CA"
794,"NC"
795,"PA"
796,"TX"
797,"IL"
798,"FL"
799,"TX"
800,"OH"
801,"FL"
802,"MN"
803,"NV"
804,"OH"
805,"CA"
806,"GA"
807,"LA"
808,"TX"
809,"CA"
810,"PA"
811,"WI"
812,"NJ"
813,"VA"
814,"GA"
815,"FL"
816,"MD"
817,"CA"
818,"IL"
819,"CA"
820,"FL"
821,"MO"
822,"TX"
823,"CA"
824,"CA"
825,"OK"
826,"SC"
827,"WI"
828,"LA"
829,"NJ"
830,"OH"
831,"KY"
832,"MO"
833,"FL"
834,"CA"
835,"MN"
836,"NY"
837,"GA"
838,"IL"
839,"NV"
840,"CA"
841,"OR"
842,"GA"
843,"CA"
844,"FL"
845,"AL"
846,"OR"
847,"LA"
848,"NJ"
849,"KS"
850,"FL"
851,"NC"
852,"CA"
853,"FL"
854,"NY"
855,"NY"
856,"OH"
857,"FL"
858,"MO"
859,"TX"
860,"CT"
861,"CT"
862,"NC"
863,"OR"
864,"FL"
865,"WA"
866,"CA"
867,"AL"
868,"CA"
869,"CA"
870,"FL"
871,"NC"
872,"FL"
873,"AR"
874,"CA"
875,"NM"
876,"SC"
877,"MI"
878,"CT"
879,"OH"
880,"NY"
881,"FL"
882,"MI"
883,"CA"
884,"SC"
885,"FL"
886,"IL"
887,"KS"
888,"CA"
889,"SC"
890,"NY"
891,"GA"
892,"GA"
893,"AR"
894,"GA"
895,"VA"
896,"PA"
897,"MI"
898,"CA"
899,"CA"
900,"NY"
901,"CA"
902,"PA"
903,"CA"
904,"TX"
905,"NJ"
906,"UT"
907,"NY"
908,"CA"
909,"NJ"
910,"CA"
911,"CA"
912,"FL"
913,"CA"
914,"NY"
915,"MS"
916,"OR"
917,"NJ"
918,"NJ"
919,"CA"
920,"FL"
921,"CA"
922,"MD"
923,"CA"
924,"TX"
925,"FL"
926,"GA"
927,"CT"
928,"MD"
929,"NY"
930,"IL"
931,"DC"
932,"CA"
933,"DC"
934,"NM"
935,"MO"
936,"NC"
937,"OK"
938,"OR"
939,"GA"
940,"CA"
941,"IL"
942,"WA"
943,"NY"
944,"CA"
945,"WA"
946,"NJ"
947,"VA"
948,"MO"
949,"FL"
950,"CT"
951,"TX"
952,"CA"
953,"CA"
954,"VA"
955,"CA"
956,"MD"
957,"NY"
958,"CT"
959,"NM"
960,"CO"
961,"AZ"
962,"LA"
963,"KY"
964,"LA"
965,"TX"
966,"PA"
967,"IL"
968,"AR"
969,"TX"
970,"PA"
971,"NJ"
972,"NY"
973,"NV"
974,"NY"
975,"CA"
976,"NY"
977,"AZ"
978,"GA"
979,"GA"
980,"FL"
981,"KS"
982,"CA"
983,"CA"
984,"NC"
985,"CT"
986,"KY"
987,"WA"
988,"TX"
989,"FL"
990,"MI"
991,"NV"
992,"OH"
993,"NH"
994,"FL"
995,"WA"
996,"AL"
997,"GA"
998,"WA"
999,"OR"
1000,"OH"
1001,"FL"
1002,"OH"
1003,"PA"
1004,"MD"
1005,"KS"
1006,"HI"
1007,"NY"
1008,"CA"
1009,"UT"
1010,"FL"
1011,"CT"
1012,"IL"
1013,"NY"
1014,"KY"
1015,"MI"
1016,"NY"
1017,"VA"
1018,"SC"
1019,"NH"
1020,"NJ"
1021,"NJ"
1022,"OK"
1023,"NH"
1024,"MD"
1025,"CA"
1026,"CA"
1027,"NY"
1028,"OH"
1029,"OH"
1030,"PA"
1031,"PA"
1032,"VA"
1033,"UT"
1034,"NM"
1035,"NV"
1036,"AZ"
1037,"MD"
1038,"FL"
1039,"TX"
1040,"GA"
1041,"WA"
1042,"MO"
1043,"OR"
1044,"AL"
1045,"OR"
1046,"FL"
1047,"SD"
1048,"OH"
1049,"SC"
1050,"MI"
1051,"WV"
1052,"VA"
1053,"GA"
1054,"MI"
1055,"KS"
1056,"PA"
1057,"IL"
1058,"NC"
1059,"KY"
1060,"OH"
1061,"OH"
1062,"FL"
1063,"CO"
1064,"AL"
1065,"SC"
1066,"CO"
1067,"CA"
1068,"NY"
1069,"TX"
1070,"MA"
1071,"KY"
1072,"CA"
1073,"NY"
1074,"GA"
1075,"FL"
1076,"VA"
1077,"PA"
1078,"FL"
1079,"DE"
1080,"AL"
1081,"WI"
1082,"FL"
1083,"CT"
1084,"CA"
1085,"FL"
1086,"FL"
1087,"FL"
1088,"KY"
1089,"UT"
1090,"GA"
1091,"SC"
1092,"MI"
1093,"GA"
1094,"MN"
1095,"NY"
1096,"OH"
1097,"KS"
1098,"CA"
1099,"MA"
1100,"MN"
1101,"VA"
1102,"NY"
1103,"WI"
1104,"NJ"
1105,"RI"
1106,"NY"
1107,"MD"
1108,"MA"
1109,"NY"
1110,"CA"
1111,"TX"
1112,"MD"
1113,"IL"
1114,"IL"
1115,"CA"
1116,"MA"
1117,"MA"
1118,"MI"
1119,"TX"
1120,"CA"
1121,"CT"
1122,"CA"
1123,"TX"
1124,"PA"
1125,"CA"
1126,"IL"
1127,"VA"
1128,"CA"
1129,"NY"
1130,"MA"
1131,"CA"
1132,"OH"
1133,"NC"
1134,"NY"
1135,"MO"
1136,"AL"
1137,"PA"
1138,"CA"
1139,"PA"
1140,"AZ"
1141,"GA"
1142,"CA"
1143,"CA"
1144,"CA"
1145,"AZ"
1146,"TX"
1147,"MA"
1148,"WI"
1149,"WI"
1150,"CA"
1151,"TX"
1152,"MA"
1153,"NY"
1154,"NJ"
1155,"CA"
1156,"MI"
1157,"CA"
1158,"IL"
1159,"WY"
1160,"NY"
1161,"AL"
1162,"MD"
1163,"FL"
1164,"MA"
1165,"TX"
1166,"FL"
1167,"NJ"
1168,"VA"
1169,"PA"
1170,"OR"
1171,"MI"
1172,"NC"
1173,"NY"
1174,"TX"
1175,"CO"
1176,"PA"
1177,"FL"
1178,"MO"
1179,"MN"
1180,"TX"
1181,"OH"
1182,"PA"
1183,"CA"
1184,"PA"
1185,"TX"
1186,"IL"
1187,"FL"
1188,"FL"
1189,"LA"
1190,"CA"
1191,"NY"
1192,"SC"
1193,"CA"
1194,"NH"
1195,"NY"
1196,"AL"
1197,"MD"
1198,"GA"
1199,"MD"
1200,"OR"
1201,"TX"
1202,"OH"
1203,"AR"
1204,"CA"
1205,"PA"
1206,"MN"
1207,"CA"
1208,"FL"
1209,"CT"
1210,"VA"
1211,"MO"
1212,"CA"
1213,"CA"
1214,"PA"
1215,"CT"
1216,"WV"
1217,"PA"
1218,"VA"
1219,"NV"
1220,"MO"
1221,"FL"
1222,"CT"
1223,"MD"
1224,"MO"
1225,"CA"
1226,"NJ"
1227,"OR"
1228,"CA"
1229,"CA"
1230,"AZ"
1231,"KS"
1232,"TX"
1233,"FL"
1234,"NC"
1235,"OH"
1236,"CA"
1237,"NJ"
1238,"CA"
1239,"AL"
1240,"LA"
1241,"PA"
1242,"SC"
1243,"NC"
1244,"AL"
1245,"FL"
1246,"FL"
1247,"SC"
1248,"NV"
1249,"CA"
1250,"WA"
1251,"WI"
1252,"MI"
1253,"PA"
1254,"NV"
1255,"AR"
1256,"FL"
1257,"OK"
1258,"WV"
1259,"CA"
1260,"CA"
1261,"NJ"
1262,"NY"
1263,"OH"
1264,"FL"
1265,"TX"
1266,"CT"
1267,"NV"
1268,"FL"
1269,"MN"
1270,"TX"
1271,"IL"
1272,"CA"
1273,"WY"
1274,"MA"
1275,"WI"
1276,"CT"
1277,"NJ"
1278,"MI"
1279,"TX"
1280,"AL"
1281,"MA"
1282,"CA"
1283,"MO"
1284,"TX"
1285,"CA"
1286,"NY"
1287,"WA"
1288,"CA"
1289,"WA"
1290,"NJ"
1291,"KY"
1292,"NY"
1293,"NC"
1294,"GA"
1295,"FL"
1296,"VA"
1297,"NY"
1298,"AZ"
1299,"NC"
1300,"FL"
1301,"NY"
1302,"UT"
1303,"PA"
1304,"FL"
1305,"MD"
1306,"CA"
1307,"GA"
1308,"TX"
1309,"WA"
1310,"WI"
1311,"NY"
1312,"FL"
1313,"CA"
1314,"CA"
1315,"IL"
1316,"MA"
1317,"MA"
1318,"NJ"
1319,"CA"
1320,"NV"
1321,"TX"
1322,"PA"
1323,"FL"
1324,"AZ"
1325,"PA"
1326,"MA"
1327,"LA"
1328,"IL"
1329,"NY"
1330,"CO"
1331,"TX"
1332,"IL"
1333,"PA"
1334,"NM"
1335,"CA"
1336,"VA"
1337,"TX"
1338,"CA"
1339,"CA"
1340,"WI"
1341,"OH"
1342,"MA"
1343,"FL"
1344,"AR"
1345,"SC"
1346,"MD"
1347,"MA"
1348,"AZ"
1349,"AR"
1350,"WA"
1351,"PA"
1352,"CA"
1353,"NY"
1354,"CA"
1355,"AZ"
1356,"NJ"
1357,"NC"
1358,"IL"
1359,"TX"
1360,"TX"
1361,"MA"
1362,"CA"
1363,"CT"
1364,"FL"
1365,"MA"
1366,"CA"
1367,"NY"
1368,"NY"
1369,"WA"
1370,"FL"
1371,"NY"
1372,"NJ"
1373,"OH"
1374,"PA"
1375,"CA"
1376,"GA"
1377,"MI"
1378,"WA"
1379,"NM"
1380,"MA"
1381,"CA"
1382,"PA"
1383,"TX"
1384,"CO"
1385,"TX"
1386,"MO"
1387,"CA"
1388,"KS"
1389,"OH"
1390,"OK"
1391,"CA"
1392,"NY"
1393,"MA"
1394,"NJ"
1395,"NV"
1396,"NM"
1397,"MN"
1398,"VA"
1399,"IL"
1400,"OR"
1401,"MD"
1402,"SC"
1403,"AL"
1404,"MD"
1405,"KY"
1406,"AZ"
1407,"GA"
1408,"PA"
1409,"VA"
1410,"CA"
1411,"PA"
1412,"AL"
1413,"CA"
1414,"GA"
1415,"AL"
1416,"NC"
1417,"AZ"
1418,"SC"
1419,"GA"
1420,"MO"
1421,"CO"
1422,"CO"
1423,"FL"
1424,"MN"
1425,"GA"
1426,"CT"
1427,"NC"
1428,"WI"
1429,"PA"
1430,"TX"
1431,"LA"
1432,"TX"
1433,"AZ"
1434,"CA"
1435,"PA"
1436,"NY"
1437,"PA"
1438,"VA"
1439,"CA"
1440,"PA"
1441,"VA"
1442,"GA"
1443,"FL"
1444,"CA"
1445,"MA"
1446,"CA"
1447,"TX"
1448,"MA"
1449,"GA"
1450,"NV"
1451,"MA"
1452,"KS"
1453,"NC"
1454,"NY"
1455,"MO"
1456,"VA"
1457,"WI"
1458,"CO"
1459,"KS"
1460,"OH"
1461,"TX"
1462,"PA"
1463,"NJ"
1464,"MD"
1465,"FL"
1466,"OH"
1467,"AZ"
1468,"TX"
1469,"NY"
1470,"NY"
1471,"MN"
1472,"CA"
1473,"AL"
1474,"OH"
1475,"FL"
1476,"OH"
1477,"FL"
1478,"CA"
1479,"VA"
1480,"NJ"
1481,"NJ"
1482,"TX"
1483,"NY"
1484,"CA"
1485,"CA"
1486,"KY"
1487,"PA"
1488,"FL"
1489,"KS"
1490,"CT"
1491,"GA"
1492,"NC"
1493,"KY"
1494,"OH"
1495,"NY"
1496,"NY"
1497,"CA"
1498,"AZ"
1499,"IL"
1500,"TX"
1501,"IL"
1502,"MN"
1503,"CA"
1504,"KY"
1505,"CT"
1506,"CA"
1507,"TX"
1508,"MA"
1509,"TX"
1510,"FL"
1511,"GA"
1512,"MA"
1513,"PA"
1514,"NY"
1515,"CA"
1516,"TX"
1517,"MN"
1518,"VA"
1519,"WA"
1520,"NY"
1521,"TX"
1522,"CA"
1523,"NV"
1524,"AK"
1525,"CO"
1526,"NJ"
1527,"VA"
1528,"MD"
1529,"NJ"
1530,"PA"
1531,"OH"
1532,"GA"
1533,"CA"
1534,"MD"
1535,"PA"
1536,"OR"
1537,"NY"
1538,"DC"
1539,"NY"
1540,"CT"
1541,"SD"
1542,"CA"
1543,"OH"
1544,"CA"
1545,"KS"
1546,"CT"
1547,"TX"
1548,"FL"
1549,"WA"
1550,"NY"
1551,"CA"
1552,"OH"
1553,"KS"
1554,"CA"
1555,"GA"
1556,"MO"
1557,"LA"
1558,"CA"
1559,"NY"
1560,"IL"
1561,"CT"
1562,"CA"
1563,"CA"
1564,"NY"
1565,"NY"
1566,"NV"
1567,"PA"
1568,"NY"
1569,"WI"
1570,"CA"
1571,"NJ"
1572,"CO"
1573,"CA"
1574,"NJ"
1575,"NY"
1576,"NY"
1577,"IL"
1578,"FL"
1579,"MD"
1580,"TX"
1581,"VA"
1582,"CA"
1583,"CA"
1584,"OH"
1585,"GA"
1586,"CA"
1587,"VA"
1588,"NY"
1589,"AZ"
1590,"CA"
1591,"MD"
1592,"PA"
1593,"CA"
1594,"WA"
1595,"CT"
1596,"NJ"
1597,"FL"
1598,"CA"
1599,"MA"
1600,"NY"
1601,"VA"
1602,"CA"
1603,"UT"
1604,"CA"
1605,"OH"
1606,"CA"
1607,"FL"
1608,"LA"
1609,"CA"
1610,"DC"
1611,"CO"
1612,"NY"
1613,"CA"
1614,"IL"
1615,"HI"
1616,"MD"
1617,"VA"
1618,"CA"
1619,"FL"
1620,"CA"
1621,"CA"
1622,"OK"
1623,"WI"
1624,"MD"
1625,"WA"
1626,"CA"
1627,"AK"
1628,"CA"
1629,"LA"
1630,"CA"
1631,"OH"
1632,"TX"
1633,"CA"
1634,"AZ"
1635,"OH"
1636,"NY"
1637,"CA"
1638,"NJ"
1639,"FL"
1640,"MN"
1641,"TX"
1642,"NV"
1643,"CA"
1644,"CO"
1645,"NY"
1646,"CA"
1647,"NY"
1648,"WI"
1649,"PA"
1650,"CA"
1651,"VA"
1652,"NJ"
1653,"NJ"
1654,"MN"
1655,"NV"
1656,"CA"
1657,"MN"
1658,"FL"
1659,"KY"
1660,"CO"
1661,"NY"
1662,"FL"
1663,"FL"
1664,"SD"
1665,"FL"
1666,"MI"
1667,"VA"
1668,"NY"
1669,"CO"
1670,"CA"
1671,"RI"
1672,"CT"
1673,"FL"
1674,"FL"
1675,"WI"
1676,"PA"
1677,"NY"
1678,"MA"
1679,"MA"
1680,"MI"
1681,"FL"
1682,"FL"
1683,"NJ"
1684,"CT"
1685,"FL"
1686,"AZ"
1687,"IL"
1688,"CA"
1689,"CT"
1690,"PA"
1691,"NC"
1692,"MN"
1693,"OK"
1694,"CA"
1695,"CA"
1696,"NJ"
1697,"KY"
1698,"FL"
1699,"CA"
1700,"CA"
1701,"OK"
1702,"VA"
1703,"VA"
1704,"IL"
1705,"TX"
1706,"CT"
1707,"KS"
1708,"VA"
1709,"AZ"
1710,"TX"
1711,"IL"
1712,"OR"
1713,"VT"
1714,"FL"
1715,"IL"
1716,"CA"
1717,"WI"
1718,"NH"
1719,"NC"
1720,"NY"
1721,"HI"
1722,"VA"
1723,"CA"
1724,"GA"
1725,"OH"
1726,"NM"
1727,"PA"
1728,"CA"
1729,"MN"
1730,"TX"
1731,"TX"
1732,"FL"
1733,"NJ"
1734,"AR"
1735,"CO"
1736,"TX"
1737,"CO"
1738,"CA"
1739,"FL"
1740,"NJ"
1741,"CA"
1742,"CA"
1743,"NY"
1744,"RI"
1745,"TX"
1746,"RI"
1747,"CA"
1748,"FL"
1749,"KS"
1750,"FL"
1751,"IN"
1752,"CO"
1753,"WI"
1754,"WI"
1755,"GA"
1756,"FL"
1757,"WI"
1758,"VA"
1759,"NC"
1760,"ME"
1761,"AZ"
1762,"NJ"
1763,"GA"
1764,"CO"
1765,"FL"
1766,"NY"
1767,"MD"
1768,"ID"
1769,"MN"
1770,"OH"
1771,"CA"
1772,"IL"
1773,"NJ"
1774,"WA"
1775,"WA"
1776,"NY"
1777,"CA"
1778,"CA"
1779,"TX"
1780,"PA"
1781,"NV"
1782,"NY"
1783,"NH"
1784,"OR"
1785,"NV"
1786,"CA"
1787,"MA"
1788,"IL"
1789,"CO"
1790,"IL"
1791,"MN"
1792,"GA"
1793,"NY"
1794,"PA"
1795,"TX"
1796,"NV"
1797,"GA"
1798,"CA"
1799,"CT"
1800,"CA"
1801,"MI"
1802,"OH"
1803,"CA"
1804,"FL"
1805,"WI"
1806,"TX"
1807,"MA"
1808,"CA"
1809,"MD"
1810,"OH"
1811,"AZ"
1812,"MN"
1813,"CT"
1814,"AZ"
1815,"CA"
1816,"FL"
1817,"OH"
1818,"TX"
1819,"OH"
1820,"NJ"
1821,"TX"
1822,"PA"
1823,"TX"
1824,"NY"
1825,"CA"
1826,"CA"
1827,"FL"
1828,"CA"
1829,"PA"
1830,"TX"
1831,"CO"
1832,"NY"
1833,"CA"
1834,"NY"
1835,"CA"
1836,"CO"
1837,"TX"
1838,"CA"
1839,"IL"
1840,"OR"
1841,"NJ"
1842,"IL"
1843,"LA"
1844,"CA"
1845,"IL"
1846,"FL"
1847,"CA"
1848,"NY"
1849,"WI"
1850,"NY"
1851,"CA"
1852,"RI"
1853,"CA"
1854,"IL"
1855,"TX"
1856,"NY"
1857,"IL"
1858,"GA"
1859,"CA"
1860,"CA"
1861,"AZ"
1862,"NY"
1863,"FL"
1864,"CA"
1865,"CA"
1866,"CA"
1867,"CA"
1868,"PA"
1869,"NY"
1870,"FL"
1871,"AZ"
1872,"IL"
1873,"FL"
1874,"NY"
1875,"CA"
1876,"WI"
1877,"CA"
1878,"WA"
1879,"CA"
1880,"CA"
1881,"FL"
1882,"FL"
1883,"CA"
1884,"CO"
1885,"CA"
1886,"AK"
1887,"IL"
1888,"CA"
1889,"CA"
1890,"CA"
1891,"NV"
1892,"IL"
1893,"NC"
1894,"OH"
1895,"CT"
1896,"WA"
1897,"CA"
1898,"AZ"
1899,"CA"
1900,"AZ"
1901,"VA"
1902,"CT"
1903,"TX"
1904,"TX"
1905,"FL"
1906,"WI"
1907,"TX"
1908,"FL"
1909,"NY"
1910,"FL"
1911,"MA"
1912,"NC"
1913,"GA"
1914,"CA"
1915,"MO"
1916,"SC"
1917,"TX"
1918,"PA"
1919,"MD"
1920,"NC"
1921,"VA"
1922,"VA"
1923,"VA"
1924,"VA"
1925,"NY"
1926,"NJ"
1927,"PA"
1928,"NY"
1929,"NJ"
1930,"NJ"
1931,"OH"
1932,"NY"
1933,"AL"
1934,"KS"
1935,"OH"
1936,"LA"
1937,"TX"
1938,"NY"
1939,"NY"
1940,"IL"
1941,"TX"
1942,"TX"
1943,"NY"
1944,"TX"
1945,"AZ"
1946,"CO"
1947,"NJ"
1948,"OR"
1949,"CA"
1950,"NY"
1951,"FL"
1952,"AZ"
1953,"MD"
1954,"GA"
1955,"NY"
1956,"NY"
1957,"MD"
1958,"CT"
1959,"WA"
1960,"RI"
1961,"WA"
1962,"VA"
1963,"NY"
1964,"AZ"
1965,"CO"
1966,"MA"
1967,"WA"
1968,"WA"
1969,"NY"
1970,"WA"
1971,"CO"
1972,"NH"
1973,"CT"
1974,"CA"
1975,"TX"
1976,"NY"
1977,"NY"
1978,"NY"
1979,"CO"
1980,"FL"
1981,"CA"
1982,"IL"
1983,"IL"
1984,"MA"
1985,"PA"
1986,"FL"
1987,"CA"
1988,"PA"
1989,"NY"
1990,"CA"
1991,"MI"
1992,"CA"
1993,"PA"
1994,"CA"
1995,"IL"
1996,"MI"
1997,"CA"
1998,"PA"
1999,"IL"
2000,"MA"
2001,"NV"
2002,"CA"
2003,"WA"
2004,"GA"
2005,"PA"
2006,"AZ"
2007,"CA"
2008,"RI"
2009,"GA"
2010,"IL"
2011,"FL"
2012,"CA"
2013,"CA"
2014,"FL"
2015,"VA"
2016,"TX"
2017,"CA"
2018,"WI"
2019,"FL"
2020,"NY"
2021,"CA"
2022,"AZ"
2023,"TX"
2024,"WA"
2025,"IL"
2026,"OK"
2027,"TX"
2028,"TX"
2029,"VA"
2030,"NY"
2031,"CA"
2032,"CA"
2033,"CO"
2034,"CA"
2035,"PA"
2036,"CO"
2037,"NJ"
2038,"TX"
2039,"CA"
2040,"FL"
2041,"CT"
2042,"MA"
2043,"PA"
2044,"CA"
2045,"NY"
2046,"SC"
2047,"CA"
2048,"NC"
2049,"PA"
2050,"GA"
2051,"CA"
2052,"CA"
2053,"FL"
2054,"IL"
2055,"PA"
2056,"GA"
2057,"OH"
2058,"WA"
2059,"AK"
2060,"LA"
2061,"NM"
2062,"LA"
2063,"VA"
2064,"WY"
2065,"TX"
2066,"NC"
2067,"MN"
2068,"CA"
2069,"MN"
2070,"IL"
2071,"CA"
2072,"GA"
2073,"IL"
2074,"CT"
2075,"CA"
2076,"PA"
2077,"NC"
2078,"SD"
2079,"CA"
2080,"AZ"
2081,"NC"
2082,"CO"
2083,"GA"
2084,"OH"
2085,"TX"
2086,"CA"
2087,"CA"
2088,"CA"
2089,"CA"
2090,"AZ"
2091,"CA"
2092,"AZ"
2093,"NJ"
2094,"IL"
2095,"MI"
2096,"CA"
2097,"CA"
2098,"WA"
2099,"CA"
2100,"CA"
2101,"NY"
2102,"GA"
2103,"CA"
2104,"MD"
2105,"CA"
2106,"VA"
2107,"FL"
2108,"CA"
2109,"AZ"
2110,"WI"
2111,"PA"
2112,"CA"
2113,"TX"
2114,"CA"
2115,"MI"
2116,"CO"
2117,"IL"
2118,"TX"
2119,"OH"
2120,"OH"
2121,"MN"
2122,"TX"
2123,"WA"
2124,"LA"
2125,"TX"
2126,"MA"
2127,"MD"
2128,"CO"
2129,"CA"
2130,"TX"
2131,"PA"
2132,"LA"
2133,"TX"
2134,"VA"
2135,"MI"
2136,"CA"
2137,"NY"
2138,"OK"
2139,"GA"
2140,"NJ"
2141,"MA"
2142,"NY"
2143,"AL"
2144,"AZ"
2145,"CA"
2146,"CA"
2147,"NC"
2148,"KY"
2149,"CA"
2150,"RI"
2151,"AZ"
2152,"AR"
2153,"AZ"
2154,"TX"
2155,"CA"
2156,"CO"
2157,"FL"
2158,"MA"
2159,"GA"
2160,"PA"
2161,"TX"
2162,"MD"
2163,"CA"
2164,"CO"
2165,"NJ"
2166,"FL"
2167,"IL"
2168,"AZ"
2169,"AL"
2170,"TX"
2171,"CA"
2172,"KS"
2173,"IL"
2174,"TX"
2175,"WI"
2176,"CO"
2177,"PA"
2178,"NJ"
2179,"TX"
2180,"KY"
2181,"IL"
2182,"MO"
2183,"NY"
2184,"CA"
2185,"FL"
2186,"GA"
2187,"OR"
2188,"CT"
2189,"NY"
2190,"PA"
2191,"CO"
2192,"CT"
2193,"MO"
2194,"FL"
2195,"PA"
2196,"SC"
2197,"IL"
2198,"OH"
2199,"VA"
2200,"CO"
2201,"CA"
2202,"IL"
2203,"OH"
2204,"FL"
2205,"CA"
2206,"AZ"
2207,"WI"
2208,"VA"
2209,"WI"
2210,"VA"
2211,"GA"
2212,"WI"
2213,"CA"
2214,"PA"
2215,"UT"
2216,"FL"
2217,"NY"
2218,"FL"
2219,"UT"
2220,"LA"
2221,"AZ"
2222,"TX"
2223,"TX"
2224,"IL"
2225,"IL"
2226,"CA"
2227,"KS"
2228,"AK"
2229,"IL"
2230,"KS"
2231,"KS"
2232,"MI"
2233,"CA"
2234,"TX"
2235,"IL"
2236,"OH"
2237,"CA"
2238,"TX"
2239,"CA"
2240,"AL"
2241,"NY"
2242,"FL"
2243,"PA"
2244,"SC"
2245,"CA"
2246,"PA"
2247,"NJ"
2248,"VA"
2249,"FL"
2250,"CA"
2251,"OH"
2252,"AZ"
2253,"WA"
2254,"CO"
2255,"OH"
2256,"MA"
2257,"CA"
2258,"CA"
2259,"CA"
2260,"NJ"
2261,"TX"
2262,"AL"
2263,"KS"
2264,"CA"
2265,"CA"
2266,"AL"
2267,"TX"
2268,"GA"
2269,"DE"
2270,"CA"
2271,"IL"
2272,"MO"
2273,"TX"
2274,"OH"
2275,"CA"
2276,"VA"
2277,"GA"
2278,"AZ"
2279,"IL"
2280,"GA"
2281,"CA"
2282,"CO"
2283,"TX"
2284,"IL"
2285,"MI"
2286,"VA"
2287,"KY"
2288,"CA"
2289,"SD"
2290,"GA"
2291,"KY"
2292,"CA"
2293,"NY"
2294,"MN"
2295,"CA"
2296,"MI"
2297,"IL"
2298,"NJ"
2299,"LA"
2300,"TX"
2301,"FL"
2302,"MA"
2303,"WA"
2304,"VA"
2305,"OH"
2306,"CA"
2307,"IL"
2308,"NY"
2309,"NY"
2310,"PA"
2311,"WA"
2312,"MO"
2313,"OK"
2314,"KS"
2315,"MI"
2316,"CA"
2317,"TX"
2318,"WI"
2319,"SD"
2320,"CA"
2321,"PA"
2322,"TX"
2323,"TX"
2324,"NY"
2325,"AZ"
2326,"PA"
2327,"PA"
2328,"MN"
2329,"VA"
2330,"TX"
2331,"GA"
2332,"IL"
2333,"CA"
2334,"FL"
2335,"NC"
2336,"PA"
2337,"MO"
2338,"TX"
2339,"OH"
2340,"WI"
2341,"IL"
2342,"MO"
2343,"TX"
2344,"TX"
2345,"MN"
2346,"IL"
2347,"MI"
2348,"IL"
2349,"WA"
2350,"TX"
2351,"NC"
2352,"TX"
2353,"TX"
2354,"MO"
2355,"DE"
2356,"MA"
2357,"IL"
2358,"TX"
2359,"TX"
2360,"TX"
2361,"MN"
2362,"MI"
2363,"IL"
2364,"CA"
2365,"TX"
2366,"LA"
2367,"CO"
2368,"MD"
2369,"CO"
2370,"IL"
2371,"CA"
2372,"TX"
2373,"FL"
2374,"TX"
2375,"GA"
2376,"KS"
2377,"IL"
2378,"VA"
2379,"NY"
2380,"GA"
2381,"UT"
2382,"AL"
2383,"HI"
2384,"TX"
2385,"CO"
2386,"GA"
2387,"FL"
2388,"CA"
2389,"OR"
2390,"MD"
2391,"MA"
2392,"TX"
2393,"GA"
2394,"MN"
2395,"VA"
2396,"SC"
2397,"DE"
2398,"CA"
2399,"LA"
2400,"NY"
2401,"VA"
2402,"CA"
2403,"CA"
2404,"NM"
2405,"CO"
2406,"AL"
2407,"TX"
2408,"AR"
2409,"NJ"
2410,"MN"
2411,"CA"
2412,"PA"
2413,"WA"
2414,"AR"
2415,"CT"
2416,"WI"
2417,"FL"
2418,"MO"
2419,"CA"
2420,"CA"
2421,"CA"
2422,"OK"
2423,"TX"
2424,"CA"
2425,"VA"
2426,"NJ"
2427,"NJ"
2428,"PA"
2429,"KY"
2430,"MO"
2431,"VA"
2432,"OH"
2433,"OH"
2434,"MN"
2435,"MA"
2436,"OR"
2437,"GA"
2438,"CA"
2439,"OR"
2440,"MA"
2441,"NY"
2442,"WV"
2443,"CA"
2444,"MO"
2445,"NY"
2446,"GA"
2447,"MI"
2448,"IL"
2449,"GA"
2450,"OR"
2451,"CO"
2452,"TX"
2453,"FL"
2454,"GA"
2455,"TX"
2456,"WA"
2457,"CA"
2458,"MI"
2459,"PA"
2460,"VA"
2461,"KS"
2462,"WA"
2463,"MD"
2464,"NY"
2465,"CA"
2466,"TX"
2467,"CA"
2468,"MO"
2469,"CA"
2470,"NY"
2471,"GA"
2472,"CA"
2473,"FL"
2474,"CA"
2475,"FL"
2476,"FL"
2477,"PA"
2478,"OH"
2479,"FL"
2480,"AL"
2481,"TX"
2482,"MI"
2483,"MO"
2484,"WV"
2485,"IL"
2486,"MI"
2487,"FL"
2488,"OH"
2489,"MO"
2490,"OR"
2491,"DE"
2492,"CA"
2493,"TX"
2494,"TX"
2495,"TX"
2496,"PA"
2497,"VA"
2498,"AZ"
2499,"MO"
2500,"CT"
2501,"MO"
2502,"AK"
2503,"NY"
2504,"OH"
2505,"IL"
2506,"TX"
2507,"CA"
2508,"IL"
2509,"CA"
2510,"OK"
2511,"GA"
2512,"NY"
2513,"MN"
2514,"PA"
2515,"FL"
2516,"VA"
2517,"WY"
2518,"TX"
2519,"GA"
2520,"SD"
2521,"TN"
2522,"CA"
2523,"NH"
2524,"NV"
2525,"CA"
2526,"FL"
2527,"CA"
2528,"OH"
2529,"WY"
2530,"SD"
2531,"NJ"
2532,"OH"
2533,"FL"
2534,"IL"
2535,"WA"
2536,"TX"
2537,"CA"
2538,"MD"
2539,"VA"
2540,"KY"
2541,"CT"
2542,"TX"
2543,"NY"
2544,"CA"
2545,"AL"
2546,"TX"
2547,"MO"
2548,"OH"
2549,"TX"
2550,"FL"
2551,"FL"
2552,"AZ"
2553,"NY"
2554,"IL"
2555,"IL"
2556,"GA"
2557,"NJ"
2558,"MO"
2559,"CA"
2560,"WA"
2561,"MA"
2562,"NJ"
2563,"TX"
2564,"FL"
2565,"CA"
2566,"CA"
2567,"CA"
2568,"OH"
2569,"FL"
2570,"FL"
2571,"CA"
2572,"CO"
2573,"MO"
2574,"IL"
2575,"TX"
2576,"NY"
2577,"MO"
2578,"TX"
2579,"CT"
2580,"CA"
2581,"TX"
2582,"MN"
2583,"CO"
2584,"CO"
2585,"NM"
2586,"WV"
2587,"FL"
2588,"NJ"
2589,"NC"
2590,"OK"
2591,"CA"
2592,"MN"
2593,"MN"
2594,"CA"
2595,"RI"
2596,"AL"
2597,"MD"
2598,"OH"
2599,"WA"
2600,"SD"
2601,"TX"
2602,"CO"
2603,"DC"
2604,"MS"
2605,"CA"
2606,"WA"
2607,"AZ"
2608,"NY"
2609,"FL"
2610,"NC"
2611,"MI"
2612,"CA"
2613,"CA"
2614,"NJ"
2615,"IL"
2616,"IL"
2617,"NJ"
2618,"NJ"
2619,"VA"
2620,"KY"
2621,"NY"
2622,"FL"
2623,"MO"
2624,"CA"
2625,"NY"
2626,"TX"
2627,"WA"
2628,"FL"
2629,"FL"
2630,"SC"
2631,"IL"
2632,"CA"
2633,"SC"
2634,"MI"
2635,"AL"
2636,"MO"
2637,"TX"
2638,"TX"
2639,"NM"
2640,"LA"
2641,"NY"
2642,"FL"
2643,"FL"
2644,"CO"
2645,"CT"
2646,"LA"
2647,"FL"
2648,"PA"
2649,"FL"
2650,"NJ"
2651,"CA"
2652,"NY"
2653,"MA"
2654,"UT"
2655,"NY"
2656,"NM"
2657,"MA"
2658,"NY"
2659,"CA"
2660,"CA"
2661,"IL"
2662,"FL"
2663,"MA"
2664,"CA"
2665,"DC"
2666,"PA"
2667,"CA"
2668,"CA"
2669,"PA"
2670,"NJ"
2671,"WI"
2672,"NY"
2673,"TX"
2674,"NY"
2675,"OH"
2676,"TX"
2677,"MN"
2678,"NJ"
2679,"AR"
2680,"PA"
2681,"NY"
2682,"TX"
2683,"FL"
2684,"OH"
2685,"NY"
2686,"OH"
2687,"TX"
2688,"NY"
2689,"CA"
2690,"NY"
2691,"NJ"
2692,"NJ"
2693,"MD"
2694,"FL"
2695,"OK"
2696,"CA"
2697,"NY"
2698,"PA"
2699,"VA"
2700,"LA"
2701,"AZ"
2702,"MO"
2703,"CA"
2704,"AZ"
2705,"CA"
2706,"TX"
2707,"CA"
2708,"CA"
2709,"CA"
2710,"NY"
2711,"CT"
2712,"CA"
2713,"MA"
2714,"FL"
2715,"CA"
2716,"CA"
2717,"NY"
2718,"CA"
2719,"CA"
2720,"GA"
2721,"CA"
2722,"CO"
2723,"WV"
2724,"CA"
2725,"CA"
2726,"CA"
2727,"VA"
2728,"GA"
2729,"GA"
2730,"WI"
2731,"MN"
2732,"VA"
2733,"MA"
2734,"CA"
2735,"GA"
2736,"CA"
2737,"AZ"
2738,"NY"
2739,"WA"
2740,"CA"
2741,"CA"
2742,"CO"
2743,"MA"
2744,"NY"
2745,"OH"
2746,"IL"
2747,"MD"
2748,"MD"
2749,"CA"
2750,"NY"
2751,"OK"
2752,"CA"
2753,"TX"
2754,"CA"
2755,"FL"
2756,"NY"
2757,"FL"
2758,"WA"
2759,"CA"
2760,"MA"
2761,"NY"
2762,"WV"
2763,"CA"
2764,"FL"
2765,"NY"
2766,"TX"
2767,"GA"
2768,"MD"
2769,"NY"
2770,"NC"
2771,"NY"
2772,"NY"
2773,"CA"
2774,"CA"
2775,"LA"
2776,"CA"
2777,"MA"
2778,"NY"
2779,"WI"
2780,"CA"
2781,"CA"
2782,"TX"
2783,"NJ"
2784,"NJ"
2785,"CA"
2786,"NY"
2787,"PA"
2788,"NJ"
2789,"CA"
2790,"CT"
2791,"CA"
2792,"NJ"
2793,"NJ"
2794,"MA"
2795,"NY"
2796,"OH"
2797,"CA"
2798,"MA"
2799,"CA"
2800,"CA"
2801,"CA"
2802,"GA"
2803,"FL"
2804,"TX"
2805,"MI"
2806,"CA"
2807,"MN"
2808,"TX"
2809,"WA"
2810,"NC"
2811,"PA"
2812,"CA"
2813,"OR"
2814,"TX"
2815,"MI"
2816,"CA"
2817,"NY"
2818,"CA"
2819,"NY"
2820,"CA"
2821,"MA"
2822,"NY"
2823,"NY"
2824,"NY"
2825,"NC"
2826,"TX"
2827,"PA"
2828,"CA"
2829,"CO"
2830,"CA"
2831,"AR"
2832,"CA"
2833,"NY"
2834,"MN"
2835,"TX"
2836,"CA"
2837,"CA"
2838,"CA"
2839,"CA"
2840,"CA"
2841,"FL"
2842,"CA"
2843,"NY"
2844,"PA"
2845,"CA"
2846,"AZ"
2847,"FL"
2848,"NY"
2849,"NY"
2850,"DC"
2851,"AL"
2852,"NY"
2853,"KS"
2854,"TX"
2855,"CO"
2856,"CO"
2857,"NJ"
2858,"CA"
2859,"VA"
2860,"CA"
2861,"WA"
2862,"NY"
2863,"CA"
2864,"CA"
2865,"CA"
2866,"CA"
2867,"CA"
2868,"CA"
2869,"CT"
2870,"NJ"
2871,"OH"
2872,"NV"
2873,"NJ"
2874,"CA"
2875,"CA"
2876,"NY"
2877,"TX"
2878,"CA"
2879,"AL"
2880,"IL"
2881,"CO"
2882,"NY"
2883,"MD"
2884,"MO"
2885,"CA"
2886,"CO"
2887,"CO"
2888,"DC"
2889,"NY"
2890,"PA"
2891,"CA"
2892,"IL"
2893,"NJ"
2894,"TX"
2895,"FL"
2896,"NY"
2897,"CO"
2898,"SD"
2899,"CT"
2900,"MT"
2901,"WA"
2902,"CA"
2903,"WI"
2904,"MA"
2905,"MA"
2906,"TX"
2907,"PA"
2908,"IL"
2909,"FL"
2910,"WA"
2911,"NY"
2912,"NY"
2913,"CA"
2914,"NY"
2915,"CA"
2916,"NY"
2917,"CA"
2918,"VA"
2919,"CA"
2920,"NV"
2921,"IL"
2922,"CT"
2923,"PA"
2924,"CA"
2925,"CT"
2926,"DC"
2927,"CT"
2928,"CA"
2929,"CO"
2930,"LA"
2931,"CA"
2932,"CA"
2933,"MI"
2934,"FL"
2935,"CO"
2936,"MA"
2937,"TX"
2938,"FL"
2939,"FL"
2940,"CA"
2941,"CA"
2942,"CA"
2943,"IL"
2944,"NJ"
2945,"CA"
2946,"VA"
2947,"TX"
2948,"TX"
2949,"MD"
2950,"KS"
2951,"CA"
2952,"TX"
2953,"NJ"
2954,"OH"
2955,"SD"
2956,"IL"
2957,"TX"
2958,"MA"
2959,"VT"
2960,"KS"
2961,"MI"
2962,"IL"
2963,"FL"
2964,"CA"
2965,"DC"
2966,"CA"
2967,"TX"
2968,"CA"
2969,"CT"
2970,"GA"
2971,"GA"
2972,"PA"
2973,"CA"
2974,"NJ"
2975,"IL"
2976,"CT"
2977,"SC"
2978,"WI"
2979,"FL"
2980,"CA"
2981,"WI"
2982,"NC"
2983,"NY"
2984,"WA"
2985,"CA"
2986,"WV"
2987,"VA"
2988,"CA"
2989,"FL"
2990,"FL"
2991,"WA"
2992,"NV"
2993,"MD"
2994,"NY"
2995,"MA"
2996,"CA"
2997,"CA"
2998,"FL"
2999,"NY"
3000,"CA"
3001,"CA"
3002,"LA"
3003,"NY"
3004,"NJ"
3005,"CA"
3006,"CA"
3007,"NY"
3008,"OH"
3009,"CA"
3010,"CA"
3011,"CO"
3012,"PA"
3013,"CA"
3014,"NY"
3015,"GA"
3016,"CA"
3017,"NY"
3018,"CA"
3019,"NM"
3020,"VA"
3021,"CA"
3022,"NH"
3023,"MD"
3024,"CA"
3025,"TX"
3026,"FL"
3027,"FL"
3028,"OK"
3029,"PA"
3030,"FL"
3031,"CA"
3032,"FL"
3033,"NY"
3034,"WA"
3035,"OR"
3036,"MA"
3037,"OR"
3038,"VA"
3039,"CO"
3040,"VA"
3041,"CA"
3042,"PA"
3043,"CA"
3044,"CA"
3045,"NY"
3046,"MA"
3047,"CA"
3048,"MA"
3049,"OR"
3050,"MO"
3051,"CA"
3052,"NJ"
3053,"CA"
3054,"NC"
3055,"AZ"
3056,"CA"
3057,"NY"
3058,"WA"
3059,"AZ"
3060,"LA"
3061,"CA"
3062,"HI"
3063,"NJ"
3064,"NY"
3065,"CA"
3066,"IL"
3067,"TX"
3068,"CA"
3069,"CA"
3070,"NY"
3071,"NC"
3072,"CA"
3073,"CA"
3074,"CA"
3075,"MA"
3076,"CA"
3077,"OK"
3078,"IL"
3079,"NJ"
3080,"CA"
3081,"TX"
3082,"TX"
3083,"AZ"
3084,"MN"
3085,"MN"
3086,"CA"
3087,"NY"
3088,"HI"
3089,"NC"
3090,"SC"
3091,"NJ"
3092,"NJ"
3093,"CA"
3094,"CA"
3095,"MA"
3096,"AZ"
3097,"NY"
3098,"CA"
3099,"CA"
3100,"FL"
3101,"NY"
3102,"GA"
3103,"FL"
3104,"CO"
3105,"CA"
3106,"MO"
3107,"FL"
3108,"RI"
3109,"PA"
3110,"MA"
3111,"TX"
3112,"CA"
3113,"TX"
3114,"DC"
3115,"NJ"
3116,"FL"
3117,"DC"
3118,"FL"
3119,"MO"
3120,"MT"
3121,"NY"
3122,"CA"
3123,"MA"
3124,"TX"
3125,"CA"
3126,"CA"
3127,"NY"
3128,"NJ"
3129,"AZ"
3130,"OR"
3131,"MN"
3132,"WA"
3133,"CO"
3134,"CA"
3135,"NY"
3136,"CA"
3137,"MA"
3138,"FL"
3139,"NY"
3140,"NJ"
3141,"WI"
3142,"VA"
3143,"OR"
3144,"IL"
3145,"MO"
3146,"WV"
3147,"FL"
3148,"WI"
3149,"NC"
3150,"TX"
3151,"SC"
3152,"CA"
3153,"RI"
3154,"OK"
3155,"HI"
3156,"CA"
3157,"CO"
3158,"CA"
3159,"CA"
3160,"FL"
3161,"NY"
3162,"FL"
3163,"WA"
3164,"TX"
3165,"CA"
3166,"MA"
3167,"NC"
3168,"WA"
3169,"TX"
3170,"CA"
3171,"CT"
3172,"AZ"
3173,"CA"
3174,"NY"
3175,"CA"
3176,"CA"
3177,"NM"
3178,"CO"
3179,"OR"
3180,"MA"
3181,"PA"
3182,"CA"
3183,"NJ"
3184,"CA"
3185,"PA"
3186,"CA"
3187,"OK"
3188,"CA"
3189,"FL"
3190,"CA"
3191,"NY"
3192,"CA"
3193,"IL"
3194,"GA"
3195,"CA"
3196,"VA"
3197,"NY"
3198,"CO"
3199,"CA"
3200,"NY"
3201,"IL"
3202,"DE"
3203,"IL"
3204,"IL"
3205,"VA"
3206,"NY"
3207,"UT"
3208,"NJ"
3209,"NJ"
3210,"PA"
3211,"MA"
3212,"NY"
3213,"CA"
3214,"FL"
3215,"VA"
3216,"MA"
3217,"NY"
3218,"FL"
3219,"CA"
3220,"RI"
3221,"NY"
3222,"MI"
3223,"SC"
3224,"IL"
3225,"WA"
3226,"AZ"
3227,"NY"
3228,"MD"
3229,"VA"
3230,"NY"
3231,"NJ"
3232,"NJ"
3233,"OH"
3234,"PA"
3235,"OH"
3236,"KS"
3237,"KY"
3238,"CA"
3239,"AL"
3240,"CT"
3241,"OK"
3242,"CA"
3243,"NV"
3244,"NY"
3245,"LA"
3246,"TX"
3247,"CA"
3248,"OR"
3249,"CA"
3250,"IL"
3251,"CA"
3252,"KY"
3253,"NV"
3254,"CA"
3255,"NY"
3256,"CO"
3257,"NY"
3258,"CA"
3259,"CA"
3260,"CA"
3261,"CO"
3262,"NJ"
3263,"NY"
3264,"MD"
3265,"AZ"
3266,"FL"
3267,"CA"
3268,"CO"
3269,"WA"
3270,"MA"
3271,"CA"
3272,"ID"
3273,"TX"
3274,"CA"
3275,"VA"
3276,"CA"
3277,"TX"
3278,"NJ"
3279,"GA"
3280,"CA"
3281,"CA"
3282,"MA"
3283,"OR"
3284,"LA"
3285,"VA"
3286,"CA"
3287,"CO"
3288,"AL"
3289,"PA"
3290,"UT"
3291,"OR"
3292,"CA"
3293,"CA"
3294,"MO"
3295,"TX"
3296,"NY"
3297,"CO"
3298,"FL"
3299,"TX"
3300,"TX"
3301,"NY"
3302,"VA"
3303,"MN"
3304,"OR"
3305,"CA"
3306,"CA"
3307,"IL"
3308,"CT"
3309,"NH"
3310,"CA"
3311,"CA"
3312,"DC"
3313,"PA"
3314,"CA"
3315,"CA"
3316,"WA"
3317,"IL"
3318,"VA"
3319,"VA"
3320,"NJ"
3321,"NY"
3322,"CA"
3323,"NY"
3324,"OH"
3325,"CA"
3326,"GA"
3327,"LA"
3328,"MD"
3329,"CA"
3330,"NJ"
3331,"CA"
3332,"CA"
3333,"FL"
3334,"CA"
3335,"CA"
3336,"GA"
3337,"CA"
3338,"TX"
3339,"CA"
3340,"MA"
3341,"CA"
3342,"MA"
3343,"WI"
3344,"CA"
3345,"TX"
3346,"WI"
3347,"CA"
3348,"NY"
3349,"CA"
3350,"NY"
3351,"MA"
3352,"MO"
3353,"NJ"
3354,"CA"
3355,"DE"
3356,"GA"
3357,"MO"
3358,"CA"
3359,"AZ"
3360,"CA"
3361,"IL"
3362,"NJ"
3363,"CA"
3364,"PA"
3365,"MA"
3366,"NY"
3367,"CA"
3368,"NH"
3369,"CT"
3370,"NY"
3371,"IL"
3372,"OH"
3373,"CT"
3374,"IL"
3375,"FL"
3376,"NV"
3377,"NY"
3378,"CA"
3379,"NJ"
3380,"CA"
3381,"CA"
3382,"MI"
3383,"TX"
3384,"NJ"
3385,"FL"
3386,"IL"
3387,"NJ"
3388,"OR"
3389,"CA"
3390,"NY"
3391,"NJ"
3392,"MA"
3393,"TX"
3394,"CA"
3395,"NY"
3396,"NY"
3397,"TX"
3398,"CA"
3399,"CA"
3400,"CA"
3401,"WA"
3402,"PA"
3403,"OH"
3404,"OH"
3405,"CA"
3406,"CA"
3407,"AL"
3408,"MD"
3409,"CA"
3410,"NY"
3411,"WA"
3412,"TX"
3413,"VA"
3414,"GA"
3415,"AZ"
3416,"NJ"
3417,"NY"
3418,"FL"
3419,"MA"
3420,"OH"
3421,"WA"
3422,"IL"
3423,"CA"
3424,"NV"
3425,"NV"
3426,"TX"
3427,"MN"
3428,"PA"
3429,"CA"
3430,"OR"
3431,"CA"
3432,"OR"
3433,"AL"
3434,"PA"
3435,"PA"
3436,"MD"
3437,"VA"
3438,"CA"
3439,"VA"
3440,"LA"
3441,"NY"
3442,"NY"
3443,"IL"
3444,"VA"
3445,"NY"
3446,"UT"
3447,"CO"
3448,"CA"
3449,"NY"
3450,"DC"
3451,"NY"
3452,"TX"
3453,"AZ"
3454,"MN"
3455,"WA"
3456,"CA"
3457,"FL"
3458,"WI"
3459,"GA"
3460,"MD"
3461,"TX"
3462,"NY"
3463,"IL"
3464,"CA"
3465,"NY"
3466,"NY"
3467,"WI"
3468,"VA"
3469,"MI"
3470,"NJ"
3471,"CO"
3472,"MA"
3473,"CA"
3474,"MD"
3475,"CA"
3476,"KY"
3477,"CA"
3478,"CA"
3479,"FL"
3480,"CA"
3481,"AZ"
3482,"FL"
3483,"NJ"
3484,"CA"
3485,"NV"
3486,"MA"
3487,"CA"
3488,"WA"
3489,"FL"
3490,"NJ"
3491,"NY"
3492,"MO"
3493,"NJ"
3494,"CA"
3495,"CA"
3496,"CO"
3497,"TN"
3498,"OH"
3499,"CA"
3500,"CA"
3501,"TX"
3502,"RI"
3503,"OR"
3504,"OH"
3505,"RI"
3506,"NJ"
3507,"CA"
3508,"NJ"
3509,"IL"
3510,"OH"
3511,"CA"
3512,"NY"
3513,"FL"
3514,"IL"
3515,"IL"
3516,"TX"
3517,"CA"
3518,"VA"
3519,"DC"
3520,"PA"
3521,"NY"
3522,"IL"
3523,"NY"
3524,"CA"
3525,"FL"
3526,"FL"
3527,"TX"
3528,"CA"
3529,"OR"
3530,"NJ"
3531,"NY"
3532,"CA"
3533,"MO"
3534,"NY"
3535,"RI"
3536,"VA"
3537,"NC"
3538,"CA"
3539,"MD"
3540,"NY"
3541,"WA"
3542,"AZ"
3543,"CA"
3544,"TX"
3545,"DC"
3546,"WA"
3547,"MA"
3548,"NV"
3549,"OR"
3550,"CT"
3551,"CA"
3552,"NY"
3553,"NY"
3554,"NJ"
3555,"WI"
3556,"FL"
3557,"FL"
3558,"SC"
3559,"CO"
3560,"NC"
3561,"CA"
3562,"TX"
3563,"NY"
3564,"TX"
3565,"VT"
3566,"IL"
3567,"TX"
3568,"NV"
3569,"GA"
3570,"DE"
3571,"NJ"
3572,"NJ"
3573,"LA"
3574,"FL"
3575,"CA"
3576,"AR"
3577,"OH"
3578,"GA"
3579,"AZ"
3580,"CA"
3581,"NC"
3582,"MI"
3583,"OR"
3584,"CO"
3585,"NC"
3586,"FL"
3587,"WV"
3588,"CO"
3589,"LA"
3590,"CA"
3591,"OR"
3592,"CA"
3593,"TX"
3594,"GA"
3595,"AZ"
3596,"MD"
3597,"FL"
3598,"TX"
3599,"KY"
3600,"CO"
3601,"IL"
3602,"NY"
3603,"MN"
3604,"IL"
3605,"NV"
3606,"WY"
3607,"CT"
3608,"AR"
3609,"VA"
3610,"NJ"
3611,"VA"
3612,"NY"
3613,"CA"
3614,"PA"
3615,"NC"
3616,"NY"
3617,"CA"
3618,"CO"
3619,"CA"
3620,"CA"
3621,"PA"
3622,"NV"
3623,"TX"
3624,"WV"
3625,"WI"
3626,"OH"
3627,"NY"
3628,"CA"
3629,"FL"
3630,"CA"
3631,"CA"
3632,"CA"
3633,"CT"
3634,"NY"
3635,"UT"
3636,"CA"
3637,"OH"
3638,"RI"
3639,"AR"
3640,"TX"
3641,"MI"
3642,"OH"
3643,"CA"
3644,"CA"
3645,"CA"
3646,"PA"
3647,"PA"
3648,"OR"
3649,"CA"
3650,"IL"
3651,"FL"
3652,"NJ"
3653,"AR"
3654,"NV"
3655,"IL"
3656,"CA"
3657,"CT"
3658,"WI"
3659,"CA"
3660,"OK"
3661,"WI"
3662,"CA"
3663,"DE"
3664,"MI"
3665,"MD"
3666,"FL"
3667,"IL"
3668,"CA"
3669,"NY"
3670,"OH"
3671,"CA"
3672,"TX"
3673,"CA"
3674,"CA"
3675,"CA"
3676,"NY"
3677,"CA"
3678,"CA"
3679,"CA"
3680,"CA"
3681,"IL"
3682,"CA"
3683,"TX"
3684,"MD"
3685,"NY"
3686,"CA"
3687,"NC"
3688,"FL"
3689,"DE"
3690,"AK"
3691,"NJ"
3692,"TX"
3693,"TX"
3694,"CA"
3695,"CA"
3696,"MD"
3697,"NY"
3698,"CA"
3699,"WV"
3700,"CA"
3701,"NY"
3702,"FL"
3703,"CA"
3704,"CT"
3705,"WA"
3706,"NY"
3707,"CA"
3708,"MA"
3709,"CA"
3710,"NY"
3711,"NH"
3712,"CA"
3713,"AZ"
3714,"KS"
3715,"CA"
3716,"NC"
3717,"NC"
3718,"NC"
3719,"AZ"
3720,"CT"
3721,"NJ"
3722,"GA"
3723,"RI"
3724,"AZ"
3725,"FL"
3726,"MI"
3727,"CA"
3728,"PA"
3729,"CO"
3730,"FL"
3731,"NY"
3732,"CO"
3733,"TX"
3734,"CA"
3735,"MA"
3736,"CA"
3737,"NY"
3738,"LA"
3739,"GA"
3740,"OH"
3741,"NC"
3742,"MD"
3743,"TX"
3744,"WA"
3745,"OK"
3746,"NH"
3747,"AZ"
3748,"VA"
3749,"AZ"
3750,"NJ"
3751,"GA"
3752,"OR"
3753,"AZ"
3754,"PA"
3755,"FL"
3756,"MI"
3757,"CA"
3758,"OH"
3759,"MO"
3760,"MO"
3761,"AK"
3762,"FL"
3763,"CA"
3764,"MN"
3765,"OR"
3766,"PA"
3767,"CA"
3768,"WA"
3769,"MD"
3770,"PA"
3771,"CA"
3772,"MA"
3773,"MO"
3774,"VA"
3775,"CA"
3776,"TX"
3777,"FL"
3778,"TX"
3779,"PA"
3780,"TX"
3781,"CA"
3782,"GA"
3783,"AZ"
3784,"CA"
3785,"SC"
3786,"VA"
3787,"PA"
3788,"MN"
3789,"FL"
3790,"TX"
3791,"CA"
3792,"MD"
3793,"CA"
3794,"FL"
3795,"LA"
3796,"TX"
3797,"RI"
3798,"OH"
3799,"NY"
3800,"PA"
3801,"KY"
3802,"FL"
3803,"KY"
3804,"WA"
3805,"MI"
3806,"AZ"
3807,"TX"
3808,"MO"
3809,"WA"
3810,"MD"
3811,"PA"
3812,"WA"
3813,"IL"
3814,"NY"
3815,"VA"
3816,"FL"
3817,"CA"
3818,"AL"
3819,"OH"
3820,"FL"
3821,"NY"
3822,"CO"
3823,"TX"
3824,"IL"
3825,"MN"
3826,"FL"
3827,"NV"
3828,"CA"
3829,"OH"
3830,"AZ"
3831,"CA"
3832,"IL"
3833,"MA"
3834,"TX"
3835,"FL"
3836,"AZ"
3837,"DC"
3838,"TX"
3839,"MD"
3840,"NY"
3841,"AR"
3842,"OH"
3843,"NM"
3844,"CA"
3845,"TX"
3846,"PA"
3847,"PA"
3848,"OH"
3849,"UT"
3850,"NJ"
3851,"OH"
3852,"MA"
3853,"AR"
3854,"MD"
3855,"PA"
3856,"WA"
3857,"NY"
3858,"MI"
3859,"FL"
3860,"MA"
3861,"IL"
3862,"CT"
3863,"AR"
3864,"IL"
3865,"MD"
3866,"TX"
3867,"CA"
3868,"FL"
3869,"LA"
3870,"CA"
3871,"CA"
3872,"OK"
3873,"PA"
3874,"CA"
3875,"CA"
3876,"CA"
3877,"GA"
3878,"CA"
3879,"TX"
3880,"OH"
3881,"OH"
3882,"NC"
3883,"MN"
3884,"IL"
3885,"NY"
3886,"NC"
3887,"MO"
3888,"UT"
3889,"CA"
3890,"AR"
3891,"GA"
3892,"CA"
3893,"CA"
3894,"CA"
3895,"CA"
3896,"CA"
3897,"IL"
3898,"CA"
3899,"NY"
3900,"CA"
3901,"IL"
3902,"VA"
3903,"IL"
3904,"IL"
3905,"MA"
3906,"NV"
3907,"NJ"
3908,"VA"
3909,"FL"
3910,"OH"
3911,"MO"
3912,"AZ"
3913,"NV"
3914,"OK"
3915,"PA"
3916,"CA"
3917,"FL"
3918,"OH"
3919,"UT"
3920,"SC"
3921,"MA"
3922,"FL"
3923,"WY"
3924,"VA"
3925,"UT"
3926,"NY"
3927,"OR"
3928,"IL"
3929,"LA"
3930,"NC"
3931,"MI"
3932,"FL"
3933,"TX"
3934,"OK"
3935,"SC"
3936,"IL"
3937,"NY"
3938,"NY"
3939,"NJ"
3940,"CA"
3941,"NC"
3942,"NM"
3943,"IL"
3944,"NC"
3945,"FL"
3946,"CA"
3947,"KY"
3948,"TX"
3949,"TX"
3950,"MN"
3951,"NJ"
3952,"TX"
3953,"GA"
3954,"OH"
3955,"GA"
3956,"TX"
3957,"CA"
3958,"CA"
3959,"CA"
3960,"IL"
3961,"FL"
3962,"CA"
3963,"NY"
3964,"NY"
3965,"MI"
3966,"LA"
3967,"CA"
3968,"FL"
3969,"OH"
3970,"FL"
3971,"CA"
3972,"NY"
3973,"TX"
3974,"AL"
3975,"KY"
3976,"GA"
3977,"WA"
3978,"NJ"
3979,"TX"
3980,"OH"
3981,"FL"
3982,"IL"
3983,"AL"
3984,"TX"
3985,"TX"
3986,"IL"
3987,"IL"
3988,"MN"
3989,"RI"
3990,"TX"
3991,"NC"
3992,"NJ"
3993,"CA"
3994,"CA"
3995,"FL"
3996,"IL"
3997,"NV"
3998,"FL"
3999,"CA"
4000,"OH"
4001,"MA"
